{
  "$schema": "https://cloud.uipath.com/draft/2024-12/entry-point",
  "entryPoints": [
    {
      "filePath": "Main.xaml",
      "uniqueId": "2c7cf314-955f-4c0f-ad08-27ec29faf6c0",
      "type": "process",
      "input": {
        "type": "object",
        "properties": {
          "in_OrchestratorQueueName": {
            "type": "string"
          },
          "in_OrchestratorQueueFolder": {
            "type": "string"
          },
          "arr_InputFilesNames": {
            "type": "array",
            "items": {
              "type": "string"
            }
          },
          "int_InputFilesCount": {
            "type": "integer",
            "minimum": -2147483648,
            "maximum": 2147483647
          }
        },
        "required": []
      }
    }
  ]
}