{
  "version": "2.0",
  "resources": [
    {
      "activityDisplayName": "Create transaction item",
      "activityId": "AddQueueItem_2",
      "resource": "queue",
      "key": "in_Config(\"OrchestratorQueueFolder\").ToString.in_Config(\"OrchestratorQueueName\").ToString",
      "id": "queuein_Config(\"OrchestratorQueueFolder\").ToString.in_Config(\"OrchestratorQueueName\").ToStringin_Config(\"OrchestratorQueueFolder\").ToStringFalsein_Config(\"OrchestratorQueueName\").ToStringFalse",
      "value": {
        "folderPath": {
          "defaultValue": "in_Config(\"OrchestratorQueueFolder\").ToString",
          "isExpression": false,
          "displayName": "Folder Path"
        },
        "name": {
          "defaultValue": "in_Config(\"OrchestratorQueueName\").ToString",
          "isExpression": false,
          "displayName": "Queue name"
        }
      },
      "metadata": {
        "BindingsVersion": "2.2"
      }
    }
  ]
}