{
  "$schema": "https://cloud.uipath.com/draft/2024-12/operate",
  "contentType": "Process",
  "projectId": "b16a3775-9b67-4aa1-8208-02da6162cba6",
  "main": "Main.xaml",
  "dependencies": {
    "UiPath.Excel.Activities": "[3.2.1]",
    "UiPath.System.Activities.Runtime": "[25.8.0]",
    "UiPath.Testing.Activities": "[25.4.1]",
    "UiPath.UIAutomation.Activities.Runtime": "[25.10.14-preview]"
  },
  "targetFramework": "Windows",
  "runtimeOptions": {
    "isAttended": false,
    "requiresUserInteraction": true,
    "robotVersion": "25.0.175"
  },
  "designOptions": {
    "fileInfoCollection": []
  }
}